kernel,seed,accuracy,auroc,balanced_accuracy,sensitivity,specificity,best_epoch,trainable_parameters,training_seconds
entangled,0,0.9086538461538461,0.9850427350427351,0.8824786324786325,0.9871794871794872,0.7777777777777778,14,30658,66.77180340024643
entangled,1,0.9198717948717948,0.9830265176419023,0.8948717948717948,0.9948717948717949,0.7948717948717948,7,30658,92.92393000039738
entangled,2,0.9166666666666666,0.977810650887574,0.8914529914529914,0.9923076923076923,0.7905982905982906,8,30658,80.41818339994643
entangled,3,0.9118589743589743,0.9853714661406969,0.8867521367521367,0.9871794871794872,0.7863247863247863,12,30658,75.96427730016876
entangled,4,0.9230769230769231,0.9884505807582731,0.8982905982905983,0.9974358974358974,0.7991452991452992,6,30658,48.449907700298354
product,0,0.9118589743589743,0.9848454963839579,0.885042735042735,0.9923076923076923,0.7777777777777778,14,30658,30.635059199878015
product,1,0.9150641025641025,0.9842209072978304,0.8884615384615384,0.9948717948717949,0.782051282051282,7,30658,31.25289359979797
product,2,0.9086538461538461,0.9839360070129302,0.8799145299145299,0.9948717948717949,0.7649572649572649,11,30658,44.143470000242814
product,3,0.9150641025641025,0.9826210826210826,0.8893162393162393,0.9923076923076923,0.7863247863247863,10,30658,43.17105539992917
product,4,0.9102564102564102,0.986511067280298,0.882051282051282,0.9948717948717949,0.7692307692307693,10,30658,45.55499659990892
dot,0,0.9102564102564102,0.9867192636423405,0.8829059829059829,0.9923076923076923,0.7735042735042735,13,30658,10.154763700207695
dot,1,0.9118589743589743,0.9836949375410914,0.885042735042735,0.9923076923076923,0.7777777777777778,7,30658,10.156171600101516
dot,2,0.9102564102564102,0.980418584264738,0.882051282051282,0.9948717948717949,0.7692307692307693,15,30658,10.35033709986601
dot,3,0.9134615384615384,0.9827744904667982,0.8888888888888888,0.9871794871794872,0.7905982905982906,9,30658,10.368064900045283
dot,4,0.9118589743589743,0.9832018408941485,0.8841880341880342,0.9948717948717949,0.7735042735042735,16,30658,10.468182599986903
